French,English
partie,part
histoire,history
chercher,search
seulement,only
police,police
pensais,thought
demande,request
genre,kind
mois,month
laisser,let
car,because
mettre,to put
laisse,leash
eux,them
ville,city
chaque,each
parlÃ©,speak
arrivÃ©,come
devrait,should
bÃ©bÃ©,baby
longtemps,long time
heures,hours
vont,will
pendant,while
revoir,meet again
place,square
parle,speak
compris,understood
savais,knew
attention,Warning
voici,here is
pourrais,could
donner,give
leurs,their
donnÃ©,given
train,train
endroit,place
faÃ§on,way
dont,whose
trouve,find
premier,first
perdu,lost
main,hand
premiÃ¨re,first
cÃ´tÃ©,side
pouvoir,power
sois,be
tiens,here
matin,morning
tellement,so much
enfant,child
venu,came
suite,after
pardon,sorry
devant,in front of
minutes,minutes
demandÃ©,request
chambre,bedroom
mis,placed
belle,beautiful
droit,law
aimerais,would like to
aujourd'hui,today
mari,husband
espÃ¨re,hope
eau,water
attendez,Wait
parti,left
nouvelle,new
boulot,job
arrÃªter,Stop
dirait,would say
terre,Earth
loin,far
fin,end
chÃ©rie,sweetheart
gros,large
plutÃ´t,rather
aura,will have
filles,girls
bureau,office
